{"columns":[0],"index":[0,1,2,3,4,5,6,7,8,9,10,11,12,13,14,15,16,17,18,19,20,21,22,23,24,25,26,27,28,29],"data":[[45471.2815364786],[48251.1525000675],[49097.8867330107],[50929.8715621774],[49661.5873126333],[48077.8539020864],[48555.0774124817],[50767.8371046741],[51262.9623667042],[54597.8649008392],[55741.5173643048],[56710.223558928],[57223.4697010182],[59339.8978323548],[61011.9871654708],[57544.913853287],[55457.5400289535],[56634.9354717158],[59114.277538845],[58461.3615319228],[59161.3483050135],[57499.7133130695],[57174.6343840247],[54754.9743417282],[55726.8639110699],[51721.6682716764],[53951.0642219036],[55726.2528284067],[55952.7826459285],[57259.7844686758]]}