{"columns":["predictions_t75_n100"],"index":[0,1,2,3,4,5,6,7,8,9,10,11,12,13,14,15,16,17,18,19,20,21,22,23,24,25,26,27,28,29],"data":[[44875.4040543982],[48289.978828432],[49480.8890278129],[50394.8984681212],[49574.2974865482],[47294.5188521298],[47883.4251672668],[49738.5588551626],[50821.7814945939],[53846.7934915301],[55710.3281549897],[56922.7033006672],[57241.6202478807],[59100.9492785278],[60569.3484155831],[56759.9652030623],[55510.9776578409],[56808.913499748],[58412.2798380263],[58670.87777552],[58679.8464204861],[57197.087652188],[57417.8395650285],[55311.8649829856],[55284.873908483],[52066.1561957269],[53705.3067807179],[55568.4915688184],[56006.1489619597],[57107.3673971619]]}